{
    "total": 111791666,
    "average": 224.45781966541645,
    "artist-popularity": {
        "L.A.B.": 46.63025210084034,
        "TEMM DOGG": 32.80171184022824,
        "Kora": 40.66567164179104,
        "Shapeshifter": 32.39313572542902,
        "Home Brew": 34.445544554455445,
        "Bob Dylan": 30.0993031358885,
        "Glee Cast": 32.860383944153575,
        "Juice WRLD": 72.73236889692586,
        "SIX60": 42.95703125,
        "Chief Keef": 37.54037267080745,
        "Prince": 27.14533622559653,
        "Elvis Presley": 36.41098901098901,
        "Gucci Mane": 22.138084632516705,
        "BONES": 31.047511312217196,
        "Bruce Springsteen": 37.09382151029748,
        "YoungBoy Never Broke Again": 55.229885057471265,
        "Tiki Taane": 49.172494172494176,
        "The Beatles": 49.22352941176471,
        "David Bowie": 35.410377358490564,
        "The Rolling Stones": 37.73381294964029,
        "Drax Project": 37.6395061728395,
        "Katchafire": 47.78426395939086,
        "Frank Sinatra": 30.881748071979434,
        "Salmonella Dub": 36.28051948051948,
        "Elton John": 39.547486033519554,
        "Vybz Kartel": 28.06179775280899,
        "Insane Clown Posse": 29.538028169014083,
        "Johnny Cash": 33.33238636363637,
        "Neil Young": 50.94970414201183,
        "Chris Brown": 56.67857142857143,
        "Green Day": 45.48192771084337,
        "The Beach Boys": 30.836990595611287,
        "The Mountain Goats": 20.156739811912225,
        "Red Hot Chili Peppers": 48.234920634920634,
        "Taylor Swift": 67.58974358974359,
        "$uicideboy$": 59.064308681672024,
        "Vigilante Tha' Prophit": 26.574675324675326,
        "Tom Waits": 28.644951140065146,
        "Lil Wayne": 38.419463087248324,
        "Hori Shaw": 39.88552188552188,
        "Nick Cave & The Bad Seeds": 59.75,
        "Black Sabbath": 46.88813559322034,
        "Michael Jackson": 49.1,
        "Fleetwood Mac": 35.666666666666664,
        "Lil Uzi Vert": 68.03180212014134,
        "Morrissey": 30.540636042402827,
        "Lil B": 11.584229390681003,
        "The Kinks": 27.645985401459853,
        "Iron Maiden": 43.00367647058823,
        "NOFX": 32.80442804428044,
        "Eminem": 59.92962962962963,
        "Weezer": 37.71851851851852,
        "Marilyn Manson": 42.52788104089219,
        "Pearl Jam": 38.858736059479554,
        "Queen": 46.33828996282528,
        "Scarlxrd": 25.60377358490566,
        "Grateful Dead": 31.460076045627375,
        "Kylie Minogue": 23.726235741444867,
        "Mariah Carey": 41.70229007633588,
        "Ramones": 37.30268199233716,
        "Stan Walker": 43.51372549019608,
        "Kanye West": 63.21343873517787,
        "Stevie Wonder": 33.285714285714285,
        "Tech N9ne": 29.075396825396826,
        "Imagine Dragons": 67.35856573705179,
        "Nina Simone": 29.904382470119522,
        "Bob Marley & The Wailers": 61.768,
        "Tory Lanez": 57.204,
        "U2": 40.36,
        "Madonna": 43.66265060240964,
        "Alice Cooper": 27.34817813765182,
        "George Strait": 35.27125506072875,
        "Linkin Park": 56.02834008097166,
        "House of Shem": 40.285714285714285,
        "Depeche Mode": 40.049586776859506,
        "Dolly Parton": 24.871900826446282,
        "The Who": 27.20746887966805,
        "Dean Martin": 29.276150627615063,
        "Ella Fitzgerald": 25.472803347280333,
        "Bon Jovi": 46.82700421940928,
        "Bee Gees": 35.059322033898304,
        "Hillsong Worship": 28.309322033898304,
        "Korn": 46.05579399141631,
        "Mac Miller": 58.42918454935622,
        "Radiohead": 55.90557939914163,
        "Tori Amos": 23.201716738197426,
        "Lion Rezz": 53.07327586206897,
        "Megadeth": 40.07327586206897,
        "Van Morrison": 32.185344827586206,
        "Lana Del Rey": 68.43478260869566,
        "Miley Cyrus": 59.69130434782609,
        "Aerosmith": 42.56331877729258,
        "Lou Reed": 25.187772925764193,
        "Metallica": 52.828947368421055,
        "Planetshakers": 23.18859649122807,
        "Robbie Williams": 33.00442477876106,
        "Coldplay": 54.87111111111111,
        "Boosie Badazz": 30.910714285714285,
        "James Taylor": 29.556053811659194,
        "Dave Matthews Band": 25.986486486486488
    },
    "explicit-popularity": {
        "yes": 29.284815469533534,
        "no": 30.949765896894483
    },
    "dancebyyear": {
        "before-2001": 56.96037521682088,
        "2001-2012": 55.099733570159856,
        "after-2012": 60.16962513064392
    }
}